Guid,기업코드,품목코드,제품분류,제품명,SN,납품일,MA만료일,금액,등록자,등록일,수정자,수정일,제품메모,상태,수량,RegCode,MA계약일,curreny
CA300EDCF5264244A44B4A44E4D2D707,49D5F44D90C86748A439E01B9491EC51,6FCBFE8D9ADAD248841762C8ED709ACB,01.SolidWorks 관련,SOLIDWORKS Professional,9010 0507 0600 4912 86HG CY8J,,2026-09-30 0:00,0,wjjung,2024-03-18 17:45,wjjung,2024-03-18 17:45,,,1,,2023-10-01 0:00,KRW
E7866D1E81F15648A414AC946A25DC74,F3572F83CAEF3346A066FB517AC733CD,314443004EF76E458A4655352D7731A9,01.SolidWorks 관련,SOLIDWORKS Premium,9000 0513 9387 0870 JGKT PCJ5,2024-04-01 0:00,2026-03-31 0:00,0,ijhwang,2024-03-18 9:09,ijhwang,2024-03-18 9:09,,,1,,2024-04-01 0:00,KRW
DD3683488F663C469AC7BCB4D228C9D4,46D52D6ABAA08945A89A05369D8AF707,6FCBFE8D9ADAD248841762C8ED709ACB,01.SolidWorks 관련,SOLIDWORKS Professional,9000 0513 9390 1288 68HW 9C7K,2024-04-01 0:00,2026-03-31 0:00,0,ijhwang,2024-03-15 15:42,ijhwang,2024-03-15 15:42,,,1,,2024-04-01 0:00,KRW
780217D00E2F4C468BEAAFA0398E14CD,062E5A4ADD10854E845DB952C944CE32,652C63E3291FF44FA30097E2FC1A336C,01.SolidWorks 관련,SOLIDWORKS Standard,9000 0500 8993 1967 WVVV TC72,,2025-03-31 0:00,0,wjsdydtnr5,2023-08-21 11:53,jhryu,2024-03-15 10:51,,,1,,2024-04-01 0:00,KRW
90678F632FD9F84DA6622C4BD515343F,062E5A4ADD10854E845DB952C944CE32,652C63E3291FF44FA30097E2FC1A336C,01.SolidWorks 관련,SOLIDWORKS Standard,9000 0500 8992 6556 QJ4V CWFK,,2025-03-31 0:00,0,wjsdydtnr5,2023-08-21 11:46,jhryu,2024-03-15 10:51,,,1,,2024-04-01 0:00,KRW
08419DC5F18A664C9AAEC28FD6F560B9,8EFD598A6A26FF4E9D55900D4CDF8749,314443004EF76E458A4655352D7731A9,01.SolidWorks 관련,SOLIDWORKS Premium,9000 0513 6078 5955 RDHB P76D,,2026-03-31 0:00,0,jhkim,2024-03-15 7:12,jhkim,2024-03-15 7:12,,,1,,2024-04-01 0:00,KRW
AC4BF45B3C9FA84EB9FA9668DA26D8B7,3B935CFB5A831B469DC9F4621ACEE724,6FCBFE8D9ADAD248841762C8ED709ACB,01.SolidWorks 관련,SOLIDWORKS Professional,9000 0511 2034 0201 GWB2 Z3DB,,2026-12-31 0:00,0,minwooko,2024-03-14 17:39,minwooko,2024-03-14 17:39,,,1,,2023-12-27 0:00,KRW
43F0D7DE3110ED48BC45D3DCD4D6BCC4,3B935CFB5A831B469DC9F4621ACEE724,6FCBFE8D9ADAD248841762C8ED709ACB,01.SolidWorks 관련,SOLIDWORKS Professional,9000 0511 2033 7266 RJWW Z68C,,2026-12-31 0:00,0,minwooko,2024-03-14 17:38,minwooko,2024-03-14 17:38,,,1,,2023-12-27 0:00,KRW
81A6AE3A7333164C8E04CA4A684D1661,3B935CFB5A831B469DC9F4621ACEE724,6FCBFE8D9ADAD248841762C8ED709ACB,01.SolidWorks 관련,SOLIDWORKS Professional,9000 0511 2032 7304 6T8D RN3D,,2026-12-31 0:00,0,minwooko,2024-03-14 17:36,minwooko,2024-03-14 17:36,,,1,,2023-12-27 0:00,KRW
2FD38EF501B6D243816628D51B54B9ED,C83C8BB5ACED2D4EB03018E59A666E24,6FCBFE8D9ADAD248841762C8ED709ACB,01.SolidWorks 관련,SOLIDWORKS Professional,9000 0513 8526 0249 Z35F MX52,,2026-03-31 0:00,0,wjsdydtnr5,2024-03-14 13:56,wjsdydtnr5,2024-03-14 13:59,,,1,,2024-03-14 0:00,KRW
28EE7261C9673E448335E9782C89802F,01D103CBA4C3C54CB00E7EF6CF0DDB6B,6FCBFE8D9ADAD248841762C8ED709ACB,01.SolidWorks 관련,SOLIDWORKS Professional,9000 0269 8578 0601 XST2 JKC8,,2025-02-28 0:00,0,wjsdydtnr5,2021-02-15 15:27,dkkim08,2024-03-14 11:21,안연우 사원,,1,,2024-03-01 0:00,KRW
DEF3C86803DEF942B3E6C5CC27F3E62B,01D103CBA4C3C54CB00E7EF6CF0DDB6B,6FCBFE8D9ADAD248841762C8ED709ACB,01.SolidWorks 관련,SOLIDWORKS Professional,9000 0296 4349 5366 RQPN MR53,,2025-02-28 0:00,0,wjsdydtnr5,2022-02-24 14:49,dkkim08,2024-03-14 11:15,장철희 상무,,1,,2024-03-01 0:00,KRW
CDD8F6C216E222428C2F085B1636AA9F,01D103CBA4C3C54CB00E7EF6CF0DDB6B,6FCBFE8D9ADAD248841762C8ED709ACB,01.SolidWorks 관련,SOLIDWORKS Professional,9000 0502 0591 3134 7ZSW S9J3,,2025-02-28 0:00,0,wjsdydtnr5,2023-05-24 15:30,dkkim08,2024-03-14 11:15,임기춘 이사,,1,,2024-06-01 0:00,KRW
D66743FD63D4744CA32B40461794B77A,574BBA0F498A184481F3C1008B853F9B,6FCBFE8D9ADAD248841762C8ED709ACB,01.SolidWorks 관련,SOLIDWORKS Professional,9000 0513 8515 9467 8S5W T749,,2026-03-31 0:00,0,wjsdydtnr5,2024-03-14 10:18,wjsdydtnr5,2024-03-14 10:19,,,1,,2024-03-14 0:00,KRW
AB09CE0F506CA74C988680A4C47A4A91,E0C780EE19EE2A4E8F8BD9161AFCD9BE,6FCBFE8D9ADAD248841762C8ED709ACB,01.SolidWorks 관련,SOLIDWORKS Professional,9000 0513 8520 7545 3G5S DMDC,,2026-03-31 0:00,0,ksd2046,2024-03-14 9:35,ksd2046,2024-03-14 9:35,,,1,,2024-04-01 0:00,KRW
A0EAC32C914549429772F09D0D398B3D,461D6E5F5DB24746987153C2FD552BB6,C41FE762DAC93D478EB903E59FEF31BA,01.SolidWorks 관련,DraftSight Enterprise,9010 0165 1810 7470 JWVF YM76,,2024-05-31 0:00,0,ksllkd,2018-04-23 9:55,yhi526,2024-03-13 17:46,"24.03.13 서버 정보
172.16.26.58
VT-RNDC",,10,,2023-06-01 0:00,KRW
BBDA75C581AF0A47B65831520A398211,44F7122A266F6F44B8BE951D345DE566,E093C7511E80AC42984774DF2CC3543E,05.PDMWorks Enterprise 관련,SOLIDWORKS PDM Professional CAD Editor,9010 0307 8017 6872 K6RQ R84H,,2022-11-30 0:00,0,hspark,2022-03-23 14:46,ksb,2024-03-13 11:30,"PDM 
25734@win-ljkntmkuoq6

WIN SERVER 
administrator / qwer12#$

SQL SERVER 
sa / qwer12#$

PDM SERVER
admin / 

로그전송 API 인증키
$5$API$YSyOdProN9HDcgjIqi5kKwz7KRvoEI9ZOeUK6lTtAQB",,5,,2021-12-01 0:00,KRW
2E3B54E6F1240A40B56F5DED07C964E6,281B2460FFF266419CC8FD98FD9C947F,314443004EF76E458A4655352D7731A9,01.SolidWorks 관련,SOLIDWORKS Premium,9000 0311 3287 1696 DTD2 P565,,2025-02-28 0:00,0,wjsdydtnr5,2022-02-11 9:37,ijhwang,2024-03-13 9:22,,,1,,2024-03-01 0:00,KRW
CE60F9856D0AB7418310C12F1A983A29,918538288861754DAF9B1926BE72438B,6FCBFE8D9ADAD248841762C8ED709ACB,01.SolidWorks 관련,SOLIDWORKS Professional,9000 0513 8094 7318 MQZZ X72C,,2026-03-31 0:00,0,kimhj,2024-03-12 16:06,kimhj,2024-03-12 16:06,,,1,,2024-03-12 0:00,KRW
D925CC439424BF45BADFE98679195968,461D6E5F5DB24746987153C2FD552BB6,C41FE762DAC93D478EB903E59FEF31BA,01.SolidWorks 관련,DraftSight Enterprise,9010 0311 4236 4819 BNJR P9H7,,2025-02-28 0:00,0,wjsdydtnr5,2022-02-14 10:35,ijhwang,2024-03-12 13:21,"분당 사무소에서 사용
",,3,,2024-03-01 0:00,KRW
597DFB62A2298C4C89C3247E6ABE00B8,85AAB491EF248747A624C01CF543B980,652C63E3291FF44FA30097E2FC1A336C,01.SolidWorks 관련,SOLIDWORKS Standard,9000 0500 9219 8136 N8YW V8H5,,2025-03-31 0:00,0,dnlee,2023-03-20 9:16,dnlee,2024-03-12 10:52,,,1,,2024-04-01 0:00,KRW
4C8AA2F68BA1BF4DAAAB40C8F1C94AB5,85AAB491EF248747A624C01CF543B980,2.00E+13,02.해석 제품,SOLIDWORKS Simulation Premium,9000 0101 6074 9764 MYGP ZJ34,,2025-03-31 0:00,0,admin,2014-02-28 9:41,dnlee,2024-03-12 10:52,14.03(ACR),,1,,2024-04-01 0:00,KRW
5FEC4AAAEEA15049B0015DBD279F275B,85AAB491EF248747A624C01CF543B980,652C63E3291FF44FA30097E2FC1A336C,01.SolidWorks 관련,SOLIDWORKS Standard,9000 0100 6130 7192 TVX5 ZD6D,,2025-03-31 0:00,0,admin,2013-08-28 10:49,dnlee,2024-03-12 10:52,,,1,,2024-04-01 0:00,KRW
731DBE393DFB8241A808C256359AC251,85AAB491EF248747A624C01CF543B980,652C63E3291FF44FA30097E2FC1A336C,01.SolidWorks 관련,SOLIDWORKS Standard,9000 0100 6129 2251 37F8 RC2C,,2025-03-31 0:00,0,admin,2013-08-28 10:48,dnlee,2024-03-12 10:52,18.03.08_최슬기 사원 사,,1,,2024-04-01 0:00,KRW
B488AEE6DC8BC64DB1EC1F3681785EA3,85AAB491EF248747A624C01CF543B980,652C63E3291FF44FA30097E2FC1A336C,01.SolidWorks 관련,SOLIDWORKS Standard,9000 0100 6128 1367 7PM7 53C6,,2025-03-31 0:00,0,admin,2013-08-28 10:46,dnlee,2024-03-12 10:51,,,1,,2024-04-01 0:00,KRW
1DBD96DB0B4C8E49884EC2668D0DD661,B48B147A021CAE4999C609B57DB784F4,6FCBFE8D9ADAD248841762C8ED709ACB,01.SolidWorks 관련,SOLIDWORKS Professional,9010 0316 8289 1831 JQGY YYD2,,2024-07-31 0:00,0,wjsdydtnr5,2022-08-19 16:00,syjo,2024-03-11 15:50,,,4,,2022-08-01 0:00,KRW
5DA052E0AFADF643A7BFCE2BB1096226,D92896B1F993CC4E9FC8E0E761A53235,314443004EF76E458A4655352D7731A9,01.SolidWorks 관련,SOLIDWORKS Premium,9000 0297 5699 7954 NV98 XWHC,,2024-03-31 0:00,0,dnlee,2023-04-05 9:42,dnlee,2024-03-11 13:35,,,1,,2023-05-01 0:00,KRW
BEEDE8DEE371E2409DD1D17AD4BA0FD2,23C7855A2036214AAFE1AF76CEE9B334,314443004EF76E458A4655352D7731A9,01.SolidWorks 관련,SOLIDWORKS Premium,9000 0513 6086 9931 Y372 MK4G,,2026-03-31 0:00,0,wjsdydtnr5,2024-03-06 9:15,ksb,2024-03-08 16:12,"2024.3.8 
 강민철 주임 사용
 3DEX : kim@kongjin.co.kr  / Rnd12345",,1,,2024-03-06 0:00,KRW
701D7FB1B53ECC4D90955B39A403D912,E85620EABB3B544BB286381ED11F5C44,6FCBFE8D9ADAD248841762C8ED709ACB,01.SolidWorks 관련,SOLIDWORKS Professional,9000 0168 8694 1429 C9CZ 692C,,2019-06-30 0:00,0,ksllkd,2018-07-09 16:57,syjo,2024-03-08 14:31,JDI-LAPTOP,,1,,2018-07-01 0:00,KRW
6429AC51CFE5CE4D832E0866260770EC,E85620EABB3B544BB286381ED11F5C44,6FCBFE8D9ADAD248841762C8ED709ACB,01.SolidWorks 관련,SOLIDWORKS Professional,9000 0168 8693 9801 H2VY KZF6,,2019-06-30 0:00,0,ksllkd,2018-07-09 16:56,syjo,2024-03-08 14:30,JDI-DESK ,,1,,2018-07-01 0:00,KRW
808691C8DEF7C249A2347D2734AAA2F5,932C175ADA78014A9F868B44010B7B57,6FCBFE8D9ADAD248841762C8ED709ACB,01.SolidWorks 관련,SOLIDWORKS Professional,9000 0500 9345 1298 56MW MPBG,,2027-03-31 0:00,0,dnlee,2023-03-20 16:37,dnlee,2024-03-07 16:47,,,1,,2024-04-01 0:00,KRW
4B5E2118BC432945B60BD1B33465A12B,932C175ADA78014A9F868B44010B7B57,314443004EF76E458A4655352D7731A9,01.SolidWorks 관련,SOLIDWORKS Premium,9000 0500 9346 9977 MJD8 P923,,2027-03-31 0:00,0,dnlee,2023-03-20 16:37,dnlee,2024-03-07 16:47,,,1,,2024-04-01 0:00,KRW
E4702C11760B0C4C83D5A430E7539026,4C443EF1FF48D8479281B664199ABDAA,6FCBFE8D9ADAD248841762C8ED709ACB,01.SolidWorks 관련,SOLIDWORKS Professional,9000 0513 6870 2859 QND6 BM53,,2027-03-31 0:00,0,dnlee,2024-03-07 16:44,dnlee,2024-03-07 16:46,,,1,,2026-04-01 0:00,KRW
76992B8D82A54140AB0992267D2BBED4,DAFDC411D91F8D4AA06A3D97F533BEDC,652C63E3291FF44FA30097E2FC1A336C,01.SolidWorks 관련,SOLIDWORKS Standard,9000 0513 6889 3135 84GB C53H,,2026-03-31 0:00,0,ksd2046,2024-03-07 16:01,ksd2046,2024-03-07 16:01,,,1,,2024-04-01 0:00,KRW
F721439D6F2B3D4A976B9CBEB6F0F0F8,ECEB1B17A35DD84D86793E8CB16D9BEA,314443004EF76E458A4655352D7731A9,01.SolidWorks 관련,SOLIDWORKS Premium,9000 0310 8247 6573 8JYY H924,,2025-01-31 0:00,0,wjsdydtnr5,2022-02-09 14:07,ijhwang,2024-03-07 13:20,24.03.01 SWP -> SWPr Upgrade,,1,,2024-02-01 0:00,KRW
A8779564F16FAA46B1227DF0F69BD1F2,F7EA91ADCC9B334991E54167E7C45F48,6FCBFE8D9ADAD248841762C8ED709ACB,01.SolidWorks 관련,SOLIDWORKS Professional,9000 0513 6091 6959 CD9X JTKD,2024-03-01 0:00,2026-03-31 0:00,0,ijhwang,2024-03-06 9:34,ijhwang,2024-03-06 9:35,,,1,,2024-03-01 0:00,KRW
C8271217B0DE2D41991EB27895AFAAE7,EF558BA2D64BB544930D44F5C94265FB,314443004EF76E458A4655352D7731A9,01.SolidWorks 관련,SOLIDWORKS Premium,9000 0513 3200 3741 6577 4RBJ,,2025-02-27 0:00,0,wjsdydtnr5,2024-03-06 9:25,wjsdydtnr5,2024-03-06 9:30,,,1,YLC,2024-03-06 0:00,KRW
EA7744F1BC709A43A50EA66238A90460,EF558BA2D64BB544930D44F5C94265FB,314443004EF76E458A4655352D7731A9,01.SolidWorks 관련,SOLIDWORKS Premium,9000 0513 3202 9420 XKBY H737,,2025-02-27 0:00,0,wjsdydtnr5,2024-03-06 9:25,wjsdydtnr5,2024-03-06 9:29,,,1,YLC,2024-03-06 0:00,KRW
FA40BF5AF845D445B33D7881A968D4B3,EF558BA2D64BB544930D44F5C94265FB,6FCBFE8D9ADAD248841762C8ED709ACB,01.SolidWorks 관련,SOLIDWORKS Professional,9000 0513 3203 5198 PWFD W2JC,,2025-02-27 0:00,0,wjsdydtnr5,2024-03-06 9:25,wjsdydtnr5,2024-03-06 9:29,,,1,YLC,2024-03-06 0:00,KRW
79D008C12B08724C883E84271071ACFD,EF558BA2D64BB544930D44F5C94265FB,6FCBFE8D9ADAD248841762C8ED709ACB,01.SolidWorks 관련,SOLIDWORKS Professional,9000 0513 3204 1768 ZP3J MBHF,,2025-02-27 0:00,0,wjsdydtnr5,2024-03-06 9:25,wjsdydtnr5,2024-03-06 9:28,,,1,YLC,2024-03-06 0:00,KRW
B58656C387906A4E9A82FC9B8B5FD3D1,9A28024899528045A27D2439EEC94DD2,314443004EF76E458A4655352D7731A9,01.SolidWorks 관련,SOLIDWORKS Premium,9000 0513 3216 7834 KW94 38DJ,,2025-02-27 0:00,0,wjsdydtnr5,2024-03-06 9:23,wjsdydtnr5,2024-03-06 9:24,,,1,YLC,2024-03-06 0:00,KRW
C8FA2CD4B6FACD458B58A535A58B5063,11128BB5DFF9BF438F449671C3E878D8,314443004EF76E458A4655352D7731A9,01.SolidWorks 관련,SOLIDWORKS Premium,9000 0513 3208 6324 YFY4 CY3C,,2025-02-27 0:00,0,wjsdydtnr5,2024-03-06 9:19,wjsdydtnr5,2024-03-06 9:22,,,1,YLC,2024-03-06 0:00,KRW
45C1CB051A1AC143984149A7AB52418B,C08DE574B250E64FA8B7C04CECCEF128,6FCBFE8D9ADAD248841762C8ED709ACB,01.SolidWorks 관련,SOLIDWORKS Professional,9010 0104 8220 0462 W42M G7CC,,2024-10-31 0:00,0,ksllkd,2013-09-03 17:18,syjo,2024-03-05 17:05,"13.08.30  network conversion
9000 0104 8087 3119 P6PH KCJ9
9000 0104 8088 8200 JD7J 6NB8

15.05.22(네트워크 기간 맞춤 8개월)

15.05.26(network conversion)
9000012087064456NXMV5482",,3,,2023-11-01 0:00,KRW
10BC5F59E545844EA0CFB4CCA0E96AB5,C08DE574B250E64FA8B7C04CECCEF128,6FCBFE8D9ADAD248841762C8ED709ACB,01.SolidWorks 관련,SOLIDWORKS Professional,9000 0245 6504 9328 KCDR JH2B,,2024-10-31 0:00,0,ksllkd,2019-11-04 11:30,syjo,2024-03-05 17:05,김성한 기술원 ,,1,,2023-11-01 0:00,KRW
3073248AC1EC174490A5E49E996F6CE3,C08DE574B250E64FA8B7C04CECCEF128,6FCBFE8D9ADAD248841762C8ED709ACB,01.SolidWorks 관련,SOLIDWORKS Professional,9000 0149 5521 4822 BN73 WJ57,,2024-12-31 0:00,0,jhryu,2023-06-28 19:43,syjo,2024-03-05 17:05,,,1,,2024-01-01 0:00,KRW
1F6507CD22D9C545BF211C1F2343DBE7,6513CAAEFF87DA45A0D6C8C97C6884DD,35506D434A902F4B8565A92AFEE5DBA6,09.제품관리,SolidWorks Standard,0001 0014 7326 3996 Q6K6 5H44,1999-12-30 0:00,2014-01-31 0:00,0,admim,2007-08-31 0:00,syjo,2024-03-05 15:17,,삭제 대상,1,7FX9ZBN6,2013-02-01 0:00,KRW
D23D015680512E48A6DBE4745FF52843,6513CAAEFF87DA45A0D6C8C97C6884DD,35506D434A902F4B8565A92AFEE5DBA6,09.제품관리,SolidWorks Standard,0001 0014 7327 7452 V42K J2F8,1999-12-30 0:00,2014-01-31 0:00,0,admim,2007-08-31 0:00,syjo,2024-03-05 15:16,,삭제 대상,1,3FW7KEIB,2013-02-01 0:00,KRW
52CF3316A7BB68428DC9C2147998C599,6513CAAEFF87DA45A0D6C8C97C6884DD,35506D434A902F4B8565A92AFEE5DBA6,09.제품관리,SolidWorks Standard,0001 0014 7329 0191 N572 NF99,1999-12-30 0:00,2014-01-31 0:00,0,admim,2007-08-31 0:00,syjo,2024-03-05 15:16,,삭제 대상,1,U6CWB2FT,2013-02-01 0:00,KRW
B6263C49A17121449431C48FE84ACD84,6513CAAEFF87DA45A0D6C8C97C6884DD,35506D434A902F4B8565A92AFEE5DBA6,09.제품관리,SolidWorks Standard,0001 0017 9145 9141 PK8B H6HJ,2006-11-30 0:00,2013-01-31 0:00,0,admim,2007-08-31 0:00,syjo,2024-03-05 15:16,경주,삭제 대상,1,V491CDD2,2012-02-01 0:00,KRW
6695BF8A4A0F6640953C05FEEF075F98,A241C45D5333C14992E5E01D56C97C40,6FCBFE8D9ADAD248841762C8ED709ACB,01.SolidWorks 관련,SOLIDWORKS Professional,9000 0501 0430 8091 8JYK VC94,,2024-03-31 0:00,0,dnlee,2023-03-28 18:18,wjsdydtnr5,2024-03-05 13:46,,,1,,2023-04-01 0:00,KRW
21C0323B5073ED4DA31BDCDBB558F319,54A61D97C36E884991A2362D12CE547A,314443004EF76E458A4655352D7731A9,01.SolidWorks 관련,SOLIDWORKS Premium,9000 0513 3315 6258 Q4SH 8585,,2026-02-28 0:00,0,wjsdydtnr5,2024-03-05 10:11,wjsdydtnr5,2024-03-05 10:15,,,1,,2024-03-05 0:00,KRW
631F591A564D8C4CA7E638EA79E30561,54A61D97C36E884991A2362D12CE547A,314443004EF76E458A4655352D7731A9,01.SolidWorks 관련,SOLIDWORKS Premium,9000 0513 3310 5820 3GX4 7G5B,,2026-02-28 0:00,0,wjsdydtnr5,2024-03-05 10:14,wjsdydtnr5,2024-03-05 10:15,,,1,,2024-03-05 0:00,KRW
AFC69F5867ABBC498B2A4C8A13BF09DF,6500B76964B2084DAC1535342BAB47C6,8EB5C5B2DC207943A06346292290799A,13. 3DEXPERIENCE Platform,Collaborative Industry Innovator,,,2024-06-24 0:00,0,kimhj,2024-03-04 17:14,kimhj,2024-03-04 17:15,,,1,,2023-06-25 0:00,KRW
CA2ED5A86144F044B08A8CA0948FC333,6500B76964B2084DAC1535342BAB47C6,3ED434AE1590CD40B0E2A904E359A61D,13. 3DEXPERIENCE Platform,Collaborative Business Innovator,,,2024-06-24 0:00,0,kimhj,2024-03-04 17:14,kimhj,2024-03-04 17:15,,,1,,2023-06-25 0:00,KRW
BE2611949099604D833D686DE0649E72,54A391DDE4045043A5DDCE4A40FE1B40,6FCBFE8D9ADAD248841762C8ED709ACB,01.SolidWorks 관련,SOLIDWORKS Professional,9000 0513 4064 1690 WR3R C2C8,,2026-02-28 0:00,0,minwooko,2024-03-04 14:38,minwooko,2024-03-04 14:38,,,1,,2024-03-01 0:00,KRW
312CD6966794AD4CB2EBC8379A416469,54A391DDE4045043A5DDCE4A40FE1B40,6FCBFE8D9ADAD248841762C8ED709ACB,01.SolidWorks 관련,SOLIDWORKS Professional,9000 0513 4063 5760 25D8 4M74,,2026-02-28 0:00,0,minwooko,2024-03-04 14:38,minwooko,2024-03-04 14:38,,,1,,2024-03-01 0:00,KRW
428C4BD2DAA3CA4FA1969BE24938119D,54A391DDE4045043A5DDCE4A40FE1B40,6FCBFE8D9ADAD248841762C8ED709ACB,01.SolidWorks 관련,SOLIDWORKS Professional,9000 0513 4061 9560 84YN MSBC,,2026-02-28 0:00,0,minwooko,2024-03-04 14:36,minwooko,2024-03-04 14:36,,,1,,2024-03-01 0:00,KRW
A28034553937AA42A7985A27F242ED04,B0B287977A820D4283A0EFDD65ECA4D6,6FCBFE8D9ADAD248841762C8ED709ACB,01.SolidWorks 관련,SOLIDWORKS Professional,9010 0513 3277 0066 5N32 K3JJ,,2024-12-31 0:00,0,minwooko,2024-03-04 14:03,minwooko,2024-03-04 14:03,,,2,,2024-02-29 0:00,KRW
9E3C525EBBFE9C48833CDB4EFA1AC1CF,B0B287977A820D4283A0EFDD65ECA4D6,6FCBFE8D9ADAD248841762C8ED709ACB,01.SolidWorks 관련,SOLIDWORKS Professional,9000 0069 6790 3333 M6FX HHJK,2008-07-22 0:00,2024-02-29 0:00,0,mihwa,2008-06-30 10:49,ksb,2024-02-29 13:51,"2020.10 STD→PRO Upgrade

2024.02
9010 0513 3277 0066 5N32 K3JJ로 통합",,1,,2024-01-01 0:00,KRW
F0E4B9E2B0C5A547A6D7AEBD94119F32,B0B287977A820D4283A0EFDD65ECA4D6,6FCBFE8D9ADAD248841762C8ED709ACB,01.SolidWorks 관련,SOLIDWORKS Professional,9000 0504 1611 3386 574Q 8JCC,,2024-02-29 0:00,0,minwooko,2023-07-05 20:22,ksb,2024-02-29 13:51,"2024.02
9010 0513 3277 0066 5N32 K3JJ로 통합",,1,,2023-07-01 0:00,KRW
1D316773F140D142BA92708915ED72E9,2764AB239EC2104DAD3161C052B84E8C,652C63E3291FF44FA30097E2FC1A336C,01.SolidWorks 관련,SOLIDWORKS Standard,9010 0230 0976 3239 DYZP MFK3,,2025-01-31 0:00,0,ksllkd,2019-02-14 11:01,ksb,2024-02-29 11:08,"2022.04.19 
License Server: 25734@192.168.0.33

2024.02.29 
License Server 변경 
 - 25734@192.168.0.9
 - 25734@RND2",,2,,2024-02-01 0:00,KRW
D70761FE110F8D4CBD1BC67FF629FB92,70581AB31463CF41AB1B9B2D6CEBC448,6FCBFE8D9ADAD248841762C8ED709ACB,01.SolidWorks 관련,SOLIDWORKS Professional,9000 0513 3256 4469 M66M C2K4,,2026-02-28 0:00,0,ijhwang,2024-02-28 16:15,ijhwang,2024-02-28 16:15,,,1,,2024-03-01 0:00,KRW
E931547DFD2F4547B68570747AEFACD3,3CCD1EE74914174AA1E8231F296C140C,314443004EF76E458A4655352D7731A9,01.SolidWorks 관련,SOLIDWORKS Premium,9000 0513 1140 9375 88GQ DZCC,,2026-02-28 0:00,0,minwooko,2024-02-28 10:26,minwooko,2024-02-28 10:26,,,1,,2024-02-28 0:00,KRW
7354757C60A9E6438FD3494A3432F990,218D8B066AE35B43AEC661EE78506073,5B99A65D75AD1941A0A1D30A057A6258,13. 3DEXPERIENCE Platform,Learning Experiences for 3DEXPERIENCE WORKS,,,2025-02-27 0:00,0,kimhj,2024-02-27 19:07,kimhj,2024-02-27 19:08,,,3,,2024-02-28 0:00,KRW
3B27278CFB0B654C905F8D3700328F94,218D8B066AE35B43AEC661EE78506073,FBA02FBFC4E148499827263015EB43C7,13. 3DEXPERIENCE Platform,Social Business Analyst,,,2025-02-27 0:00,0,kimhj,2024-02-27 19:06,kimhj,2024-02-27 19:08,,,3,,2024-02-28 0:00,KRW
8805D67FDF2D3F448FE69A1169A4536A,218D8B066AE35B43AEC661EE78506073,751F1DDA5EC4FB41B87FC742BA58167C,13. 3DEXPERIENCE Platform,3DEXPERIENCE SOLIDWORKS Simulation Designer,,,2025-02-27 0:00,0,kimhj,2024-02-27 19:06,kimhj,2024-02-27 19:08,,,3,,2024-02-28 0:00,KRW
17409A2150EDB147BCEEECB3471F8AA1,218D8B066AE35B43AEC661EE78506073,D56123187C60F84CA7BDC46E0A46E121,13. 3DEXPERIENCE Platform,Project Planner,,,2025-02-27 0:00,0,kimhj,2024-02-27 19:04,kimhj,2024-02-27 19:08,,,3,,2024-02-28 0:00,KRW
CFC178A9A2EA8D47B948E85930EE1950,218D8B066AE35B43AEC661EE78506073,5DD41771D48E834F8BDD3A2FB609633E,13. 3DEXPERIENCE Platform,3D Sculptor,,,2025-02-27 0:00,0,kimhj,2024-02-27 19:04,kimhj,2024-02-27 19:07,,,3,,2024-02-28 0:00,KRW
0BB0E3AFDE0E7346A6F919847CEA002F,218D8B066AE35B43AEC661EE78506073,3725C4DA703D6D41B46DDB14364789E4,13. 3DEXPERIENCE Platform,3D Creator,,,2025-02-27 0:00,0,kimhj,2024-02-27 19:04,kimhj,2024-02-27 19:07,,,3,,2024-02-28 0:00,KRW
2B421E78ACD47A4CAAD673566E1179D0,218D8B066AE35B43AEC661EE78506073,82DE77554D878B47B432FD1DE80AE794,13. 3DEXPERIENCE Platform,3DEXPERIENCE SOLIDWORKS Premium,,,2025-02-27 0:00,0,kimhj,2024-02-27 19:04,kimhj,2024-02-27 19:07,,,3,,2024-02-28 0:00,KRW
0BE371C04F69004EB711FE3D1F1728B2,218D8B066AE35B43AEC661EE78506073,991DFEBD99A5FA478B24BF429E6CF66D,13. 3DEXPERIENCE Platform,Collaborative Designer for SOLIDWORKS,,,2025-02-27 0:00,0,kimhj,2024-02-27 19:04,kimhj,2024-02-27 19:07,,,3,,2024-02-28 0:00,KRW
56195237091A7140A6088F81B59E1F13,218D8B066AE35B43AEC661EE78506073,8EB5C5B2DC207943A06346292290799A,13. 3DEXPERIENCE Platform,Collaborative Industry Innovator,,,2025-02-27 0:00,0,kimhj,2024-02-27 19:04,kimhj,2024-02-27 19:07,,,3,,2024-02-28 0:00,KRW
784F1702FE033B4F92B03AA7BEC698F2,218D8B066AE35B43AEC661EE78506073,3ED434AE1590CD40B0E2A904E359A61D,13. 3DEXPERIENCE Platform,Collaborative Business Innovator,,,2025-02-27 0:00,0,kimhj,2024-02-27 19:03,kimhj,2024-02-27 19:07,,,3,,2024-02-28 0:00,KRW
FA6D34A06995E1449B11B9C99D32C941,C288CAF055568B40975797CE13707DAB,314443004EF76E458A4655352D7731A9,01.SolidWorks 관련,SOLIDWORKS Premium,9000 0162 8036 6822 V6VF 3C5F,,2025-02-28 0:00,0,ksllkd,2018-02-23 17:41,admin,2024-02-27 18:06,,,1,,2024-03-01 0:00,KRW
0F406163887B8544955C33D98E851642,9527034DBBAD034EA38B8CA366C2A57C,C41FE762DAC93D478EB903E59FEF31BA,01.SolidWorks 관련,DraftSight Enterprise,9010 0256 1959 9772 DJBS NQ6F,,2025-02-28 0:00,0,ksllkd,2020-08-03 15:25,syjo,2024-02-27 10:17,화전 사용 ,,4,,2023-07-31 0:00,KRW
B3EB4DB73AA03E41A226DE2D85FD11FE,B31A9CC23E373B488D068C8371720DE1,6FCBFE8D9ADAD248841762C8ED709ACB,01.SolidWorks 관련,SOLIDWORKS Professional,9000 0513 2119 0408 QW5B XY7C,,2026-02-28 0:00,0,ksd2046,2024-02-26 17:52,ksd2046,2024-02-26 17:52,,,1,,2024-03-01 0:00,KRW
ECCF029E604F2544A553FC21DAFD470A,D1900A3C5250DF46BBBB3B8D5E227A86,6FCBFE8D9ADAD248841762C8ED709ACB,01.SolidWorks 관련,SOLIDWORKS Professional,9000 0513 2078 2507 GXJM MRDC,2024-03-01 0:00,2026-02-28 0:00,0,ijhwang,2024-02-26 17:39,ijhwang,2024-02-26 17:39,,,1,,2024-03-01 0:00,KRW
3B5BAFC27110EB429DF7007D5C33FAE8,F93DF4CDD6F9D1498A324064ACCDD091,6FCBFE8D9ADAD248841762C8ED709ACB,01.SolidWorks 관련,SOLIDWORKS Professional,9000 0513 2088 7929 FGJN 2946,2024-03-01 0:00,2026-02-28 0:00,0,ijhwang,2024-02-26 17:33,ijhwang,2024-02-26 17:33,,,1,,2024-03-01 0:00,KRW
9F0AFE4CECDAEC439009BB3D7D178941,70581AB31463CF41AB1B9B2D6CEBC448,314443004EF76E458A4655352D7731A9,01.SolidWorks 관련,SOLIDWORKS Premium,9000 0513 2063 7099 FN54 6295,,2026-02-28 0:00,0,ksd2046,2024-02-26 17:33,ksd2046,2024-02-26 17:33,,,1,,2024-03-01 0:00,KRW
27C2FEE3DFE8294187352BEAEEB59C38,65E75BF71383FB4188E36149E0FB4378,314443004EF76E458A4655352D7731A9,01.SolidWorks 관련,SOLIDWORKS Premium,9000 0513 0180 3977 WZPW 3FHB,,2026-02-28 0:00,0,wjjung,2024-02-26 14:30,wjjung,2024-02-26 14:30,,,1,,2024-02-21 0:00,KRW
47B423C45FAD0B4DBC5EAD102BD9BAAC,E44F2D79B7D0744092D444C6F19DEE6C,314443004EF76E458A4655352D7731A9,01.SolidWorks 관련,SOLIDWORKS Premium,9010 0230 9309 0626 Q3S2 BJ74,,2025-02-28 0:00,0,ksllkd,2019-02-14 9:48,dnlee,2024-02-26 10:00,,,1,,2024-02-29 0:00,KRW
D6D7E34857D88D4B9B225CF64E470C2E,85AAB491EF248747A624C01CF543B980,6FCBFE8D9ADAD248841762C8ED709ACB,01.SolidWorks 관련,SOLIDWORKS Professional,9000 0231 4571 9593 MHH6 D8GG,,2025-02-28 0:00,0,ksllkd,2019-02-27 15:06,dnlee,2024-02-26 9:15,,,1,,2024-03-01 0:00,KRW
F9A62FBDFD31CE4A9866D1F14AD4F649,85AAB491EF248747A624C01CF543B980,6FCBFE8D9ADAD248841762C8ED709ACB,01.SolidWorks 관련,SOLIDWORKS Professional,9000 0231 4572 7877 H227 2JBB,,2025-02-28 0:00,0,ksllkd,2019-02-27 15:07,dnlee,2024-02-26 9:15,,,1,,2024-03-01 0:00,KRW
98D5D31249F046409516CE837031C016,85AAB491EF248747A624C01CF543B980,314443004EF76E458A4655352D7731A9,01.SolidWorks 관련,SOLIDWORKS Premium,9000 0296 4301 6665 93HV WYD7,,2025-02-28 0:00,0,wjsdydtnr5,2021-03-15 17:51,dnlee,2024-02-26 9:15,,,1,,2024-03-01 0:00,KRW
97D2C331696B6F43BD713266B66AF908,85AAB491EF248747A624C01CF543B980,314443004EF76E458A4655352D7731A9,01.SolidWorks 관련,SOLIDWORKS Premium,9000 0296 4302 5335 5M9W H85B,,2025-02-28 0:00,0,wjsdydtnr5,2021-03-15 17:54,dnlee,2024-02-26 9:14,,,1,,2024-03-01 0:00,KRW
DC972B813C85E945BD03B1E25F6670D8,85AAB491EF248747A624C01CF543B980,314443004EF76E458A4655352D7731A9,01.SolidWorks 관련,SOLIDWORKS Premium,9000 0296 4303 7817 W84T R96H,,2025-02-28 0:00,0,wjsdydtnr5,2021-03-15 17:57,dnlee,2024-02-26 9:14,,,1,,2024-03-01 0:00,KRW
09230390A95D2A4F9FD56AF636843B4B,85AAB491EF248747A624C01CF543B980,314443004EF76E458A4655352D7731A9,01.SolidWorks 관련,SOLIDWORKS Premium,9000 0296 4304 1142 RRNV CK5F,,2025-02-28 0:00,0,wjsdydtnr5,2021-03-15 17:58,dnlee,2024-02-26 9:14,,,1,,2024-03-01 0:00,KRW
29654B699A6724428F98E2DD4505C10E,85AAB491EF248747A624C01CF543B980,314443004EF76E458A4655352D7731A9,01.SolidWorks 관련,SOLIDWORKS Premium,9000 0296 4305 7110 M95W YT6K,,2025-02-28 0:00,0,wjsdydtnr5,2021-03-15 17:59,dnlee,2024-02-26 9:14,,,1,,2024-02-26 0:00,KRW
BA030572AC0AD04AB428E9ECDBCA08C5,A60AD825ACF26B4F8A921D928DC25296,652C63E3291FF44FA30097E2FC1A336C,01.SolidWorks 관련,SOLIDWORKS Standard,9000 0505 6222 9439 8W7K 4T9D,,2025-08-31 0:00,0,dnlee,2023-08-16 10:01,wjsdydtnr5,2024-02-22 10:12,,,1,,2023-09-01 0:00,KRW
FF475ACBEF034E458E9C1701DA555B32,B95FAB43B4DB01499C5512781BF8FCDC,DA171A5D478EDF45AB5EBE550DC1E365,08.기타,Draftsight,9000 0513 0187 8086 M2R9 MZK8,2024-02-20 0:00,2025-02-19 0:00,0,ijhwang,2024-02-20 17:42,ijhwang,2024-02-20 17:42,,,1,,2024-02-20 0:00,KRW
4D41C6F7DCF6484AAF506AF4C05E94AF,120D1E65C257E44996DC4F9F426598B9,6FCBFE8D9ADAD248841762C8ED709ACB,01.SolidWorks 관련,SOLIDWORKS Professional,9000 0503 4355 1001 VMWZ FR7B,,2024-06-25 0:00,0,wjsdydtnr5,2024-02-20 14:04,wjsdydtnr5,2024-02-20 14:04,,,1,YLC,2024-02-20 0:00,KRW
BCEFA72AA1282840995B702E55E08F9A,9527034DBBAD034EA38B8CA366C2A57C,C41FE762DAC93D478EB903E59FEF31BA,01.SolidWorks 관련,DraftSight Enterprise,9010 0500 6277 8992 G8F8 P4FJ,,2025-02-28 0:00,0,cwcho,2023-02-14 17:40,syjo,2024-02-19 15:36,품질부서 사용 ,,2,,2024-03-01 0:00,KRW
3FACB33313D8E1408D32ABA22DA29B5D,A581FF36A648894584EFCFBC0F238F5F,6FCBFE8D9ADAD248841762C8ED709ACB,01.SolidWorks 관련,SOLIDWORKS Professional,9000 0303 5487 9388 GRCP D4DD,,2025-02-28 0:00,0,wjsdydtnr5,2021-08-10 10:10,kimhj,2024-02-19 15:17,22.02.24 이정용 대리 사용,,1,,2024-03-01 0:00,KRW
D4B16FF38335204FB76CB357CCAE3107,A581FF36A648894584EFCFBC0F238F5F,6FCBFE8D9ADAD248841762C8ED709ACB,01.SolidWorks 관련,SOLIDWORKS Professional,9000 0311 3310 8894 Z3X5 FY3C,,2025-02-28 0:00,0,kimhj,2022-02-10 10:14,kimhj,2024-02-19 15:17,22.02.24 김정수 사원 사용,,1,,2024-03-01 0:00,KRW
FCCAC34C256533448AEEEE4F8D27C22A,A581FF36A648894584EFCFBC0F238F5F,6FCBFE8D9ADAD248841762C8ED709ACB,01.SolidWorks 관련,SOLIDWORKS Professional,9000 0268 7534 8165 RRPP NX79,,2025-02-28 0:00,0,ksd2046,2022-02-16 16:39,kimhj,2024-02-19 15:16,22.02.24 도경호 차장 사용,,1,,2024-03-01 0:00,KRW
BA01BE3040D9EE4495EDD8A396C81007,1BD77022163CD143A4E7FFB928678DB8,E093C7511E80AC42984774DF2CC3543E,05.PDMWorks Enterprise 관련,SOLIDWORKS PDM Professional CAD Editor,9010 0244 1998 1291 CT3W VC7J,,2025-06-30 0:00,0,ksllkd,2019-10-17 15:08,syjo,2024-02-19 10:15,"donginserver
OS
ID : administrator
PW : P@ssw0rd!

192.168.0.80",,6,,2023-07-01 0:00,KRW
77A59FDFF7437B45876007D564A2233E,CD4CCCFDEEBFD54194C4CBB9842C36F4,314443004EF76E458A4655352D7731A9,01.SolidWorks 관련,SOLIDWORKS Premium,9000 0506 6767 9618 KZXW J88K,,2026-09-30 0:00,0,syjo,2023-09-20 13:45,mchjung,2024-02-19 9:51,"강대문 부장
",,1,,2023-09-20 0:00,KRW
81ECF9F54F595449A146D0886D62F8C4,704C706F25B22F4EA394F93DC6C82929,652C63E3291FF44FA30097E2FC1A336C,01.SolidWorks 관련,SOLIDWORKS Standard,9000 0512 8795 2088 NZ83 5MJ6,,2026-02-28 0:00,0,kimhj,2024-02-16 10:56,kimhj,2024-02-16 10:57,,,1,,2024-02-15 0:00,KRW
53C0B88B198CBE439F54EA767A0ECA93,6F644E9895C0D6468D66B0745B36BCCA,1946BD8B9AC60941B1F5D9225F17C571,13. 3DEXPERIENCE Platform,3DEXPERIENCE SOLIDWORKS Professional Offer,,,2025-09-25 0:00,0,kimhj,2024-02-16 10:19,kimhj,2024-02-16 10:21,,,1,,2022-09-26 0:00,KRW
3199F77AC7619B4A8D69DE5862DFBED1,DE5A24B0E83CD44AA38BBDEF9FE860EB,6FCBFE8D9ADAD248841762C8ED709ACB,01.SolidWorks 관련,SOLIDWORKS Professional,9000 0263 7160 4005 8R8G DZ6D,2020-10-19 0:00,2025-02-28 0:00,0,syjo,2020-10-19 18:17,syjo,2024-02-16 9:32,,,1,,2024-03-01 0:00,KRW
